SA3_CODE_2016,P_OthSvs_H_0,P_OthSvs_H_1_15,P_OthSvs_H_16_24,P_OthSvs_H_25_34,P_OthSvs_H_35_39,P_OthSvs_H_40,P_OthSvs_H_41_48,P_OthSvs_H_49_more,P_OthSvs_H_NS,P_OthSvs_H_Tot,P_IDNS_H_0,P_IDNS_H_1_15,P_IDNS_H_16_24,P_IDNS_H_25_34,P_IDNS_H_35_39,P_IDNS_H_40,P_IDNS_H_41_48,P_IDNS_H_49_more,P_IDNS_H_NS,P_IDNS_H_Tot,P_Tot_H_0,P_Tot_H_1_15,P_Tot_H_16_24,P_Tot_H_25_34,P_Tot_H_35_39,P_Tot_H_40,P_Tot_H_41_48,P_Tot_H_49_more,P_Tot_H_NS,P_Tot_H_Tot
10102,16,75,60,58,122,135,82,109,6,666,25,80,36,64,103,143,45,112,136,751,480,1732,1250,1576,2675,2755,1574,2639,274,14949
10103,5,29,15,19,44,69,27,53,6,273,14,29,21,18,39,32,28,47,82,315,293,947,852,1262,1748,1328,983,2019,219,9656
10104,22,149,97,112,160,161,78,137,11,930,32,113,75,96,102,116,42,94,227,899,1009,3630,2946,3657,4257,3311,1735,2927,509,23975
10105,12,65,52,46,98,110,39,70,7,507,16,44,31,39,87,82,37,53,125,507,434,1374,1335,1517,2509,2110,1013,1864,275,12425
10106,17,62,35,42,65,74,38,50,8,390,17,44,36,29,61,76,21,60,92,428,313,1055,935,1085,1483,1440,788,1587,209,8897
10201,79,399,319,336,541,421,263,325,37,2710,90,275,204,200,365,388,116,280,421,2330,2090,8314,7444,7721,10682,9933,4374,6939,991,58479
10202,42,259,223,255,366,316,158,232,19,1870,59,218,162,142,358,321,110,204,411,1980,1636,6321,5680,6156,9031,7686,3507,5214,894,46120
10301,10,106,63,66,164,131,70,116,4,741,38,71,53,63,128,106,46,98,167,769,739,2460,1914,2143,4098,3261,1648,2917,389,19570
10302,15,93,78,80,141,181,89,140,7,813,40,69,53,62,118,134,57,112,252,877,813,2225,1978,2422,3259,3400,1993,4492,554,21138
10303,11,87,78,72,117,133,54,155,13,713,33,60,50,46,70,89,19,73,125,556,660,1939,1807,2030,2950,2711,1718,3215,356,17386
10304,32,103,90,81,181,175,128,222,8,1019,30,82,52,52,120,125,62,107,205,845,954,2609,2353,2707,4606,4272,2540,4613,443,25096
10401,21,81,52,92,147,124,49,102,6,675,33,85,48,50,91,74,31,46,163,620,639,2154,1918,2360,3116,2225,1230,2238,357,16233
10402,31,187,119,154,272,225,112,167,12,1286,37,140,132,115,180,155,54,115,256,1184,1167,4619,3839,4902,6372,4804,2343,3958,611,32611
10501,12,23,18,24,42,71,22,43,0,258,19,20,24,24,41,42,26,57,127,375,371,714,685,904,1386,1404,852,2770,281,9355
10502,7,36,30,38,62,56,28,43,3,302,16,21,13,20,40,21,21,37,97,284,353,791,632,874,1568,1267,617,1566,202,7870
10503,34,108,106,106,290,219,122,216,13,1215,41,88,59,67,141,170,67,118,263,1014,980,2747,2414,3024,5837,4972,2495,4921,586,27976
10601,52,181,131,148,238,211,143,241,14,1347,44,125,86,106,159,160,71,140,297,1181,1234,3811,3433,3361,5149,4987,3811,6130,672,32593
10602,29,148,139,153,271,254,152,213,6,1374,25,124,76,72,167,203,68,120,194,1052,886,3529,3059,3339,5038,4424,2291,3433,423,26419
10603,31,131,99,91,248,250,131,291,12,1279,23,114,67,97,178,152,61,133,218,1037,941,3261,2583,2921,5141,4685,2911,3716,479,26644
10604,11,47,42,53,102,91,43,74,7,474,11,53,39,35,76,83,28,50,104,475,523,1406,1295,1422,2495,2123,1482,2510,281,13538
10701,51,138,132,122,268,256,124,191,10,1283,42,92,92,83,226,254,86,149,203,1233,876,2839,2645,2860,5062,4844,2574,3683,434,25822
10702,0,0,0,0,0,0,0,0,0,0,0,0,0,0,0,0,0,0,0,0,3,7,4,5,10,10,6,13,0,58
10703,19,173,110,117,194,193,75,114,10,1011,35,109,61,80,104,119,56,88,156,818,817,3778,3010,3097,3751,3438,1664,2567,354,22483
10704,58,278,238,246,384,376,171,268,18,2042,57,194,190,157,275,305,80,170,431,1855,1879,7604,6716,6460,10561,8593,3885,5663,902,52270
10801,10,64,36,43,56,66,24,60,7,377,16,39,30,20,43,42,15,25,103,333,370,1387,1188,1379,1536,1218,595,1105,205,8988
10802,18,72,67,48,111,79,42,62,6,509,34,62,33,55,80,43,29,54,187,574,611,1957,1839,2153,2752,1924,1078,2017,418,14753
10803,0,0,0,0,0,0,0,0,0,3,0,0,0,0,0,0,0,0,7,11,24,27,21,27,19,44,17,31,9,214
10804,28,176,129,129,236,198,105,167,11,1188,36,124,54,85,117,111,48,96,218,902,1003,3645,3043,4020,5253,4344,2110,3595,528,27531
10805,20,53,71,59,127,152,58,78,11,634,25,61,48,62,93,84,40,55,194,662,788,2327,2011,2458,3094,2503,1188,2049,406,16815
10901,32,143,134,124,227,215,124,168,17,1183,50,106,64,75,177,166,51,124,219,1027,1113,3513,2908,3746,5340,4422,2674,3849,507,28063
10902,6,11,13,8,17,18,11,24,3,120,15,23,15,20,32,33,6,28,54,244,198,494,426,560,864,824,392,1214,153,5125
10903,17,69,46,49,80,91,52,95,12,500,38,60,37,59,99,111,38,74,168,686,706,1945,1522,1822,2590,2629,1287,3004,389,15892
11001,18,64,51,47,105,77,63,74,6,499,19,54,29,36,58,48,30,58,114,449,566,2072,1580,1862,3059,2194,1230,2571,313,15451
11002,13,66,47,43,107,96,39,81,13,506,30,58,46,41,78,71,25,57,164,574,514,1619,1325,1705,2405,1861,940,2595,372,13346
11003,22,46,29,39,90,113,59,78,0,475,17,45,35,34,66,98,29,73,119,522,452,954,833,1128,1920,1899,951,2592,292,11027
11004,37,159,118,135,312,266,133,245,18,1412,49,133,81,98,233,224,82,168,318,1382,1210,3476,3004,3883,6448,5847,3168,6037,716,33799
11101,48,252,221,235,443,355,208,238,25,2020,61,161,107,115,239,239,85,144,278,1416,1450,6128,5126,5261,7585,6708,3228,4209,617,40300
11102,19,114,65,76,113,136,64,59,0,657,14,82,57,53,126,130,44,87,142,732,677,2304,2073,2365,3240,2906,1537,2176,301,17577
11103,104,400,327,359,811,691,384,487,23,3594,100,290,211,266,555,593,219,342,703,3283,3705,10614,10655,11603,20039,18890,8964,12205,1537,98220
11201,33,170,138,139,185,187,68,122,16,1059,55,213,141,181,188,171,59,134,294,1432,925,4480,3887,4729,4870,4094,1945,3495,621,29042
11202,24,124,110,116,225,197,115,150,11,1068,54,105,82,94,126,164,42,109,285,1060,955,3559,3260,4340,5782,4458,2027,3605,590,28582
11203,15,183,126,135,168,208,70,186,12,1097,53,143,91,104,145,166,75,139,297,1211,913,3804,3311,4092,4765,4021,1958,3521,608,26997
11301,19,81,58,71,169,147,83,118,6,753,41,86,68,65,149,177,63,80,208,936,801,2055,1847,2183,4283,3954,2006,3575,511,21213
11302,5,16,9,11,32,29,17,31,0,150,9,17,16,20,41,43,23,51,75,296,226,636,563,625,992,817,577,1285,153,5889
11303,22,160,131,157,317,333,181,221,16,1544,52,135,95,88,233,247,83,167,325,1426,1419,4428,3736,4511,8285,7126,3690,6811,835,40838
11401,40,166,152,155,254,191,123,193,24,1292,54,169,111,104,186,183,61,114,342,1315,1304,4952,4051,4545,6120,5158,2931,4237,760,34050
11402,23,100,91,113,139,118,66,119,8,775,29,109,91,80,105,94,57,104,144,808,525,2671,2209,2316,2978,2820,1468,2627,296,17922
11501,40,271,285,260,414,504,220,329,21,2343,73,298,262,203,464,615,169,344,619,3044,1591,7677,6741,6208,10449,12691,5071,8761,1129,60322
11502,19,89,54,50,55,79,45,69,5,469,13,74,48,50,63,90,32,66,80,517,268,1610,1259,1160,1385,1763,852,1659,180,10139
11503,4,29,23,19,23,24,11,44,0,172,13,34,28,24,33,37,10,39,46,260,119,585,485,486,520,736,267,832,90,4114
11504,11,63,54,48,74,119,43,104,8,526,14,55,60,52,105,108,50,90,91,625,269,1671,1338,1232,1645,1948,877,1837,212,11035
11601,48,224,201,210,503,499,223,351,23,2281,66,218,237,234,625,618,187,335,524,3050,1319,4945,4777,4804,10709,9895,4322,6403,1062,48225
11602,12,89,76,69,98,97,41,87,10,577,18,77,82,74,137,146,42,107,153,839,418,2085,1734,1678,2464,2703,1180,2421,315,14999
11603,31,111,111,107,281,301,152,252,22,1370,57,180,168,199,667,573,226,316,585,2973,1168,3407,3476,4190,10903,9475,4330,6894,1153,44987
11701,22,94,100,115,269,315,138,209,12,1273,72,173,215,173,480,556,188,309,606,2763,2204,3493,5243,6124,12406,13592,6466,8584,1261,59366
11702,21,111,128,127,235,297,118,178,18,1234,37,171,194,141,286,346,118,207,262,1761,569,2441,2914,2457,4660,4879,2189,3476,488,24081
11703,309,886,1166,1140,2759,2473,1171,1518,129,11543,483,1308,1771,1170,2902,4269,1375,2364,4436,20078,14469,26382,40608,33943,97480,126204,56723,92000,8227,496038
11801,51,358,363,284,381,412,188,284,34,2352,58,307,278,200,232,421,131,351,453,2435,1248,6769,6932,5637,7182,9238,4558,7944,947,50448
11802,30,199,196,162,219,268,119,188,21,1409,42,177,155,160,209,239,78,163,388,1606,1280,5646,5197,4515,8060,8294,3251,5508,829,42583
11901,60,311,270,248,514,540,213,332,44,2536,94,349,337,305,878,803,244,351,743,4094,1592,6353,6170,5919,13639,12256,5235,7815,1462,60435
11902,20,192,153,131,237,273,133,186,20,1341,48,195,199,154,362,377,101,175,365,1974,765,3358,3484,3167,5497,5832,2240,3450,720,28506
11903,29,185,177,140,219,253,143,184,13,1348,37,180,146,130,227,227,69,124,315,1453,804,4175,3855,3282,4928,4835,2017,2986,638,27520
11904,22,176,152,126,265,224,114,173,20,1277,39,175,181,116,234,276,54,111,351,1548,1006,3609,4359,3812,6315,6879,2476,3992,737,33180
12001,41,167,162,155,395,364,164,246,24,1721,32,144,155,94,228,275,76,158,320,1474,955,3333,3682,3149,6350,7860,2897,4536,659,33410
12002,15,115,120,128,196,149,96,137,11,970,31,97,94,98,143,195,65,152,202,1080,576,2581,2524,2266,3543,4194,1912,3319,410,21324
12003,28,212,190,199,337,359,160,216,30,1733,77,269,322,233,444,546,134,240,587,2844,1498,6115,6218,5679,10824,10789,4310,6587,1137,53154
12101,77,301,320,259,561,606,336,438,33,2927,85,304,343,247,574,877,286,520,700,3933,2145,7382,8310,6871,14251,19310,7951,12280,1302,79807
12102,21,145,113,121,179,244,113,163,10,1106,27,137,99,96,220,239,77,139,229,1263,709,3444,2915,2591,4108,4487,1935,3237,445,23876
12103,22,248,189,136,197,161,118,169,14,1257,36,185,158,101,128,218,84,163,232,1299,882,5511,4340,3619,4102,4962,2176,4148,472,30213
12104,62,250,234,241,432,424,239,331,28,2240,74,278,298,232,456,766,241,510,618,3473,1988,5855,6697,5589,12482,20408,8603,13972,1173,76772
12201,11,92,82,57,83,79,51,61,7,515,17,90,77,51,63,140,39,87,90,655,404,2132,2204,1662,1819,2433,1096,1723,226,13686
12202,32,138,105,138,158,190,83,151,8,1008,29,161,123,115,140,255,73,152,153,1201,602,3429,2841,2630,2852,3863,1618,2935,337,21101
12203,46,361,266,268,416,518,238,333,21,2466,65,296,275,241,456,570,207,421,409,2934,1345,7155,6467,5857,9032,10300,4682,7739,841,53428
12301,21,136,90,96,163,185,118,139,17,962,35,110,85,73,201,229,74,152,185,1149,568,2627,2139,2308,3665,3665,1822,3203,411,20406
12302,35,238,148,164,384,330,196,277,28,1801,66,240,208,214,619,573,172,256,502,2851,1423,5647,4843,5249,10703,8989,4177,6070,1031,48132
12303,14,48,45,33,59,70,34,65,7,366,19,47,36,36,54,88,23,59,85,449,344,1181,954,991,1914,1660,1009,1779,207,10027
12401,20,127,95,99,127,117,56,87,6,736,27,118,58,56,69,101,27,76,99,625,598,3369,2694,2703,2649,2560,1260,2241,284,18361
12402,0,0,0,0,0,0,0,0,0,0,0,0,0,0,0,0,0,0,0,0,0,0,3,3,0,0,0,0,0,16
12403,41,226,197,206,322,399,221,293,31,1929,57,223,151,181,397,393,126,275,434,2231,1578,6075,5404,5574,9594,8798,4112,6342,901,48388
12404,9,91,64,71,105,131,89,139,12,718,23,87,67,73,135,145,45,112,153,843,490,1987,1740,1880,3322,3154,1757,2423,367,17121
12405,12,85,44,56,101,128,66,88,7,588,25,92,78,78,306,239,85,125,210,1244,501,1625,1578,1661,4203,3881,1695,2764,400,18318
12501,35,159,181,147,531,524,237,272,8,2094,82,261,277,234,810,788,232,383,579,3633,1411,4283,4429,4311,13256,13427,5441,7894,1117,55559
12502,11,76,84,68,181,169,69,112,6,783,28,106,125,97,238,255,103,146,238,1338,478,2084,1924,1751,4285,4310,1824,2661,421,19749
12503,26,225,204,158,468,468,209,380,30,2165,84,325,316,286,921,765,259,332,779,4052,1143,4515,4434,4530,12719,10778,4731,7082,1383,51310
12504,77,291,245,238,662,550,238,333,44,2674,92,297,293,269,768,728,214,312,1045,4008,3249,7481,9022,8753,24493,20678,7637,10326,1973,93612
12601,23,91,82,71,99,84,58,73,4,581,7,57,50,42,50,85,14,45,83,434,280,1742,1392,1149,1679,1858,818,1349,178,10433
12602,42,280,272,241,509,504,212,333,32,2425,94,288,273,257,667,846,279,492,861,4055,2399,7826,8123,6937,19043,21678,8794,13308,1553,89659
12701,13,95,64,66,101,108,50,82,8,593,17,92,52,77,112,135,40,113,196,826,477,1934,1739,1873,2827,3098,1210,2397,420,15974
12702,32,301,213,235,482,468,216,331,30,2315,95,408,327,267,896,746,218,350,793,4109,1234,5947,5404,5266,11417,10206,4508,7164,1448,52594
12703,33,186,149,123,388,390,165,240,31,1696,66,284,245,229,687,621,179,272,632,3228,1406,5106,4851,4705,11787,10860,4567,7167,1200,51662
12801,40,254,219,218,315,334,162,219,12,1775,63,217,193,177,339,363,131,232,384,2093,1202,6333,5596,4861,6612,7265,3246,5327,762,41211
12802,33,197,150,161,237,305,155,211,13,1462,27,123,121,104,161,189,60,146,192,1124,771,4031,3434,3157,4413,4525,2058,3407,448,26249
19797,0,0,0,0,0,0,0,0,0,0,4,0,0,0,0,0,0,4,0,10,9,6,5,5,3,9,7,34,0,90
19999,195,1161,676,691,669,969,349,796,80,5577,521,953,752,691,957,1448,379,951,1622,8274,6077,19722,15762,16389,17452,30717,11319,22127,3790,143362
20101,50,237,152,208,352,270,163,194,15,1645,61,181,102,109,260,202,97,161,368,1531,1818,6331,5156,6005,8662,7289,4181,5167,831,45430
20102,18,53,28,35,38,43,24,34,10,278,13,42,33,27,28,51,16,46,62,314,334,1227,966,1009,867,1091,520,1198,161,7376
20103,5,34,34,16,42,35,23,24,6,221,16,31,25,22,40,51,12,36,78,313,300,949,831,905,1053,1006,514,1078,162,6801
20201,55,222,153,209,331,254,188,209,15,1633,54,151,101,129,237,210,87,160,268,1400,1744,5848,4591,5493,8003,6378,3682,4580,677,40993
20202,8,70,51,76,85,94,42,84,3,522,36,94,57,71,80,96,43,76,156,708,622,2247,1972,2185,2436,2630,1315,2110,314,15823
20203,6,12,3,7,10,14,0,22,0,76,5,18,7,10,14,27,11,26,45,163,168,427,303,385,447,571,365,1119,107,3890
20301,3,19,19,22,13,20,5,22,0,122,9,12,11,10,11,23,10,15,41,144,145,614,444,518,478,624,305,723,96,3958
20302,86,464,349,376,638,623,271,359,39,3209,121,337,244,278,494,564,176,350,687,3250,3271,11768,10107,10875,15796,15521,7632,10319,1494,86786
20303,21,136,78,102,122,114,40,78,11,711,39,107,72,69,71,90,46,75,135,702,705,3565,2437,2341,2413,2602,1167,2073,337,17636
20401,23,86,66,74,93,92,53,106,12,610,44,78,85,66,101,130,46,94,205,839,820,2577,2171,2536,2899,3202,1806,3271,470,19755
20402,18,84,64,59,124,150,45,107,5,662,37,99,56,56,96,113,36,73,168,739,795,2249,1970,2321,2967,3088,1599,2599,392,17974
20403,29,110,88,125,220,227,131,149,18,1084,63,121,80,83,161,165,62,141,241,1118,1172,3365,3009,3699,5147,4969,2821,4551,584,29310
20501,18,92,82,68,120,113,58,101,5,660,22,86,46,42,77,111,44,65,156,652,611,2572,1916,1975,2503,2613,1415,2479,357,16436
20502,19,81,70,79,95,115,57,93,5,618,30,72,58,59,90,105,25,58,147,646,805,2177,1917,2266,2510,2286,1219,2192,353,15725
20503,32,111,84,84,129,148,62,106,5,755,52,114,84,65,105,109,37,99,202,865,1041,3304,2534,2833,2863,3005,1616,3131,436,20763
20504,24,166,97,104,237,224,85,150,13,1106,50,93,67,74,163,158,62,112,291,1073,1251,3777,2952,3319,5631,4491,2512,3476,561,27973
20505,22,87,51,78,94,113,48,84,11,584,34,63,46,67,88,103,40,112,161,704,727,2194,1672,1830,2525,2710,1511,3363,360,16891
20601,22,150,137,146,219,225,117,137,21,1169,32,152,126,111,241,221,56,140,237,1319,677,3458,3214,3301,4532,3907,1819,2798,531,24227
20602,20,112,89,86,161,158,75,78,8,783,23,91,83,79,139,157,41,82,130,814,386,2081,1776,1788,2555,2493,1188,1858,270,14387
20603,20,132,136,129,168,138,74,101,16,911,21,91,109,67,113,124,35,77,211,841,638,3364,2650,2688,3714,3565,1594,2532,427,21178
20604,274,690,968,1015,2350,1687,880,1068,77,9012,387,1079,1073,819,2016,2406,763,1374,3661,13572,14308,27749,35351,35225,87786,106199,45178,62810,7008,421617
20605,68,305,313,350,694,718,353,482,18,3304,125,329,350,295,666,974,339,639,754,4467,2406,6661,7503,7523,16524,22238,10522,16045,1504,90934
20606,30,216,191,200,348,220,157,151,17,1534,38,193,164,116,184,272,102,236,271,1572,855,4411,4063,3796,5316,6286,3244,5108,577,33646
20607,61,249,256,273,547,502,240,316,41,2491,97,295,308,291,593,751,264,543,670,3821,2302,7281,8138,8596,15594,17349,8555,12211,1405,81417
20701,37,413,283,293,463,390,241,327,21,2477,93,395,302,248,411,474,165,344,555,2986,2088,10495,8504,8008,11314,13886,6353,10303,1156,72106
20702,20,189,134,134,206,158,96,130,9,1073,33,148,102,93,120,160,33,73,207,973,717,4866,3484,3162,3713,3720,1906,2718,448,24724
20703,69,297,279,317,552,456,288,299,15,2575,56,221,139,133,297,350,102,171,434,1893,1543,6272,5514,5788,9575,8585,4044,5182,797,47301
20801,27,231,154,156,196,192,76,126,19,1178,30,217,133,130,158,242,72,192,235,1400,824,5040,3891,3860,4274,4839,2360,3929,520,29534
20802,38,319,256,211,274,245,177,206,22,1747,46,248,153,152,217,302,90,170,363,1743,1132,6498,5320,5196,6183,6452,3079,4863,709,39434
20803,60,346,282,273,614,599,244,375,42,2835,99,352,352,324,968,880,293,449,566,4276,1631,8009,6390,6509,13209,12346,5930,7898,1099,63030
20804,5,147,120,100,153,125,47,69,11,773,19,98,74,67,104,133,40,81,175,799,658,3786,3067,2860,3650,3154,1601,2275,362,21411
20901,27,232,149,175,275,220,128,180,13,1400,41,185,96,116,225,248,76,142,315,1444,1484,6076,5240,5627,6649,7220,3218,4552,696,40759
20902,31,168,159,145,290,223,98,140,14,1273,38,173,141,155,354,318,77,159,372,1792,1105,4946,4087,4130,7316,6159,2805,3703,785,35028
20903,23,153,79,107,116,105,48,75,11,719,17,95,75,66,54,99,24,78,112,619,423,2935,1899,1891,1778,2177,917,1720,262,14000
20904,50,336,202,221,402,426,171,263,30,2090,91,359,240,265,658,598,208,323,615,3367,1800,8071,6420,6661,11288,10308,4703,6799,1258,57303
21001,24,157,139,137,305,282,126,184,17,1373,48,152,146,154,374,389,122,186,325,1895,876,3382,2929,3127,6911,7121,3218,4728,691,32979
21002,14,42,37,41,44,55,15,47,0,304,15,53,32,23,29,64,22,36,54,319,248,1356,876,883,994,1052,518,884,138,6946
21003,25,96,69,97,180,176,91,122,11,868,19,94,72,70,131,139,50,66,167,813,445,1924,1737,1961,2870,2752,1174,1807,329,15002
21004,7,78,54,52,71,82,40,57,6,447,11,44,20,32,36,47,14,33,70,316,258,1580,1098,1039,1284,1134,573,919,165,8039
21005,37,238,240,216,515,486,238,279,37,2289,126,392,342,354,1174,849,322,434,859,4843,2321,6489,6789,8080,17954,15726,7954,9642,1740,76693
21101,62,350,313,307,526,568,241,373,21,2760,112,352,301,336,952,853,336,455,598,4304,1982,8562,6908,7196,14074,12568,6153,8208,1203,66860
21102,3,51,27,27,30,23,11,23,0,208,9,49,21,20,16,26,9,32,53,230,156,934,604,713,529,662,324,616,88,4622
21103,52,235,233,203,402,366,185,290,24,1981,61,224,150,188,427,386,151,248,370,2217,1264,5989,4855,5107,7944,7726,3925,5175,773,42764
21104,21,126,124,116,279,232,105,166,17,1193,31,126,105,102,239,211,61,134,190,1203,618,3495,2798,2712,4130,4095,1784,2658,374,22671
21105,63,294,199,199,281,297,161,242,19,1753,81,247,146,164,304,309,125,214,350,1939,1460,7212,4831,4913,6319,5853,3212,4984,749,39531
21201,26,157,105,89,181,164,73,168,16,971,28,159,82,90,159,210,74,128,233,1154,722,3755,2819,2820,3789,3949,2011,3208,523,23603
21202,38,242,190,191,343,291,167,207,25,1700,53,211,130,145,353,345,130,238,366,1972,1179,5377,4399,4685,6818,6591,3190,4764,778,37780
21203,22,220,128,134,167,175,70,119,11,1051,41,135,84,98,165,169,56,125,282,1161,754,4022,3028,3333,4233,3779,1999,3110,542,24792
21204,86,369,351,360,1147,1055,441,578,44,4416,174,558,571,574,1978,1640,594,788,1165,8039,2757,8876,8924,10435,26546,22851,11476,14050,2173,108092
21205,65,342,316,291,702,631,306,422,27,3103,133,404,403,420,1027,1103,345,545,916,5292,2967,11087,9980,10665,21491,21941,9821,13637,1819,103405
21301,46,252,193,191,449,378,188,266,23,1978,95,319,244,271,713,628,199,292,673,3421,1548,6536,5657,6298,11309,10330,4652,6646,1308,54288
21302,43,169,126,122,270,275,104,163,17,1295,42,143,141,150,350,389,106,217,343,1875,939,3458,2982,3183,6723,6934,3481,5049,684,33435
21303,43,188,167,209,421,296,158,159,17,1655,53,214,185,150,375,347,117,188,386,2004,1136,5027,4491,4607,7417,6671,3088,4448,783,37665
21304,22,178,118,139,196,232,102,172,17,1172,42,149,112,116,237,265,70,127,272,1392,935,4343,3176,3451,5109,5228,2372,3725,606,28946
21305,48,295,201,189,421,401,149,251,25,1973,93,304,285,289,697,701,217,367,691,3642,1852,7555,6410,6747,13946,12239,5755,8504,1443,64450
21401,41,250,156,180,308,332,154,227,25,1665,54,226,183,188,408,443,123,278,388,2299,1309,5668,4624,5352,7202,7373,3396,5043,738,40714
21402,48,321,253,307,340,329,190,251,17,2050,76,293,217,212,291,309,137,210,404,2147,1728,8443,6082,6899,7580,7675,4101,5990,956,49461
21501,34,107,89,102,164,188,68,123,17,894,38,102,62,71,128,123,41,104,230,905,1093,3096,2558,3179,4076,4356,2031,4152,553,25097
21502,17,74,64,72,179,145,55,87,6,707,34,76,73,83,140,151,41,91,203,887,716,2250,1831,2305,3796,3360,1754,2876,432,19322
21503,17,74,52,52,116,93,40,75,7,529,39,71,47,51,76,117,32,87,175,695,651,1879,1498,1749,2515,2660,1282,2659,402,15300
21601,23,79,58,71,140,121,57,80,5,631,36,63,35,42,97,82,36,75,166,637,644,1911,1529,1936,2523,2376,1437,2687,350,15393
21602,9,65,36,38,65,73,44,54,6,385,37,49,28,31,69,82,37,64,126,513,536,1272,1027,1217,1525,1657,1056,1969,272,10542
21603,44,143,103,117,269,243,120,149,18,1204,43,98,73,75,191,191,74,134,290,1167,1192,3107,2765,3407,5277,5053,2579,3791,603,27776
21701,11,67,45,65,91,98,47,70,7,503,29,51,40,41,86,68,30,66,141,553,627,1922,1635,1800,2167,2332,1317,2428,328,14565
21703,8,76,40,54,93,64,41,75,4,456,28,70,49,61,98,98,29,84,155,680,697,2125,1733,1948,2434,2380,1367,3012,339,16027
21704,20,134,62,73,137,155,54,93,16,747,20,59,46,55,131,129,48,88,163,743,762,2546,1886,2210,3299,3126,1617,2978,384,18799
29797,0,0,0,0,0,0,0,0,0,3,0,0,0,0,0,0,4,8,3,17,22,8,9,3,11,15,13,76,9,155
29999,176,872,489,558,481,708,281,528,49,4134,487,873,597,557,838,1141,311,727,1315,6842,5166,16553,12058,13727,15286,26497,9591,17030,3122,119037
30101,22,144,132,133,184,189,86,137,3,1043,18,105,79,88,156,172,49,142,134,954,519,3048,2133,2609,3218,2875,1473,2631,286,18803
30102,26,165,127,133,181,145,53,128,14,961,23,125,86,86,128,176,38,147,170,984,773,3578,2754,3357,4044,3602,1688,3128,391,23321
30103,23,146,119,145,312,285,167,214,12,1426,55,149,126,161,435,394,185,285,313,2107,1050,3295,2864,3631,8234,7580,4297,6704,652,38296
30201,4,78,42,61,47,43,30,41,3,343,5,36,30,11,26,35,15,33,41,234,241,1278,1005,1138,1345,1095,542,840,125,7613
30202,41,189,128,160,294,292,153,209,17,1488,28,109,87,96,288,250,83,151,227,1306,1131,4413,3939,4591,7892,6338,3088,4282,537,36198
30203,47,123,150,217,558,430,248,298,26,2099,73,181,161,196,609,573,230,368,465,2859,2101,4181,4445,6183,14656,12860,7512,10606,1051,63600
30204,17,95,54,73,79,88,36,60,3,512,14,52,43,36,66,68,25,62,86,453,414,1715,1387,1757,1994,1575,836,1465,183,11319
30301,10,86,93,93,100,81,45,66,7,593,8,75,48,55,82,81,27,71,90,534,431,2343,1668,1833,2565,2251,1201,1837,212,14327
30302,34,191,148,202,286,227,117,179,16,1394,22,133,103,79,225,228,71,160,296,1312,1510,4011,4280,4982,8359,7284,3260,5153,578,39417
30303,65,159,177,212,554,408,202,234,20,2034,43,107,113,106,258,240,92,148,273,1378,1019,4139,3610,4020,7097,5965,2914,4207,551,33532
30304,22,86,96,101,247,288,139,154,13,1137,25,92,110,118,264,242,78,124,162,1214,550,2054,1897,2120,4715,4209,2087,3004,352,20987
30305,30,114,100,132,394,405,246,321,16,1758,66,178,171,196,619,554,225,338,391,2737,1082,2593,2690,3633,8787,8248,4872,7034,746,39692
30306,4,60,53,46,72,52,23,37,4,356,15,42,46,47,61,39,9,45,73,375,217,1200,1148,1240,1387,1142,469,774,163,7739
30401,16,62,60,65,90,79,38,71,3,481,15,43,33,39,65,62,22,47,67,395,325,1759,1144,1325,1560,1360,728,1357,140,9698
30402,16,75,55,56,75,45,32,51,3,411,8,64,29,37,30,73,16,65,44,366,281,1674,1105,1199,1143,1197,541,1162,93,8399
30403,24,146,95,111,153,120,73,93,5,829,13,111,65,61,71,107,27,73,171,697,821,5104,2841,2726,4698,3653,1817,3021,418,25104
30404,11,91,64,90,119,87,67,99,4,636,11,64,33,47,70,73,22,44,109,475,673,2326,1663,1818,2503,3319,2160,2747,278,17477
30501,107,364,426,454,1038,721,416,507,34,4073,138,388,421,359,736,1003,300,629,1330,5306,6877,12312,16277,17291,46303,44546,21697,30971,2714,198985
30502,12,96,76,99,131,133,79,95,4,728,20,63,63,71,153,135,49,79,99,725,325,1586,1377,1475,2677,2675,1499,2472,216,14292
30503,49,217,208,246,466,436,257,337,14,2233,53,221,159,158,314,416,136,298,408,2159,2232,5500,5745,6401,12314,13279,6275,9938,912,62596
30504,39,204,161,205,386,261,132,201,10,1617,34,153,103,111,188,248,69,207,220,1339,1105,4066,3639,3777,6679,6933,3486,5767,506,35942
30601,12,78,50,67,65,69,26,72,3,440,29,62,44,34,62,71,25,68,101,498,475,1832,1349,2062,2620,2115,1184,1954,234,13827
30602,52,214,228,274,589,474,258,355,23,2465,55,187,134,176,290,330,141,258,480,2055,1736,4724,4632,7148,11900,9238,5101,7240,979,52699
30603,11,57,42,66,100,80,42,76,8,490,22,57,54,75,97,80,36,58,152,631,437,1309,1282,1751,2440,2042,1039,2278,349,12925
30604,4,17,16,24,30,36,18,38,3,191,13,26,19,29,43,34,17,43,48,264,171,503,527,838,957,854,556,1058,138,5606
30605,11,64,45,64,120,98,51,88,7,558,17,82,47,53,65,77,32,70,149,602,540,1885,1422,2044,2585,1992,1136,2343,341,14288
30701,19,65,51,56,119,143,83,132,3,668,54,73,31,61,109,142,59,261,199,997,1009,1900,1497,2033,2736,3112,1871,7803,464,22425
30702,18,77,51,61,102,125,67,110,3,612,33,80,42,56,119,96,46,142,157,772,643,1868,1435,1821,3407,2702,1914,4548,418,18747
30703,11,85,38,82,101,113,55,86,6,574,32,70,32,58,81,87,29,79,173,642,547,1924,1451,1880,2455,2104,1186,2850,356,14748
30801,12,71,44,51,83,87,70,156,9,586,23,44,31,53,55,54,40,82,149,518,763,1384,1084,1332,1994,1868,1889,5395,355,16058
30803,59,245,157,242,465,383,180,330,15,2064,76,158,88,126,261,242,91,198,318,1571,1741,5231,4123,5587,10082,7415,3890,6646,767,45480
30804,4,23,23,28,39,28,21,40,7,207,3,20,13,17,31,28,11,44,41,214,206,552,498,582,764,792,621,1709,116,5843
30805,26,135,84,97,200,135,101,152,14,938,44,83,76,75,130,150,77,182,206,1017,1021,2541,2032,2593,3995,3786,3008,6019,470,25466
30901,37,210,194,206,289,278,145,201,15,1589,42,194,132,157,241,302,113,207,277,1669,822,4626,3865,4726,5902,5391,2784,4440,614,33177
30902,18,101,75,99,118,115,28,62,6,631,16,93,68,81,98,150,38,90,147,777,544,2622,2248,2995,3106,2785,1286,2157,309,18047
30903,26,118,103,122,159,147,67,109,6,853,25,135,82,113,175,187,61,132,189,1099,440,2658,2112,2780,3432,2928,1418,2450,376,18587
30904,8,32,21,23,16,20,17,22,5,167,15,42,21,30,17,33,8,27,27,223,157,787,561,611,568,660,318,763,86,4513
30905,5,47,44,44,42,43,28,41,0,299,9,56,33,30,32,42,12,51,45,307,207,1142,784,1049,906,1015,436,943,101,6588
30906,24,133,84,111,149,171,103,139,12,931,23,97,83,87,168,166,66,125,163,973,534,2365,1875,2313,3512,3289,1722,2636,332,18582
30907,33,223,169,208,267,271,157,233,11,1567,77,228,194,243,591,588,231,476,409,3037,1243,4945,4102,5583,8775,8316,4744,8699,863,47269
30908,19,115,105,128,148,122,86,84,17,820,23,96,78,109,146,155,61,111,202,975,712,2902,2540,3489,5107,3946,1790,2842,425,23756
30909,29,162,170,200,332,361,194,320,26,1794,54,171,162,187,349,397,136,306,379,2151,1607,4342,4518,5986,9810,8629,4388,8024,834,48142
30910,15,124,86,133,174,101,60,90,19,792,37,117,88,121,146,155,52,116,245,1083,719,2971,3165,3786,5354,4124,1980,3225,479,25809
31001,34,142,105,196,393,341,195,191,11,1615,44,142,104,147,473,389,148,260,317,2026,952,2433,2332,3093,8209,6669,3868,5127,605,33286
31002,16,87,64,62,101,68,59,95,12,565,33,68,43,59,100,126,49,112,183,778,612,2080,1601,2119,3201,2940,1975,3482,432,18437
31003,20,195,131,156,232,173,110,144,21,1187,39,97,86,129,273,252,83,160,273,1406,1282,3992,3565,5130,7465,5949,2917,4249,623,35174
31004,26,99,83,86,122,78,43,58,7,598,31,89,60,66,211,174,73,145,194,1054,603,2583,1920,2510,4425,3457,2207,3320,414,21429
31101,3,38,20,21,31,35,16,35,3,204,3,29,15,15,31,29,23,37,43,228,153,602,557,721,867,777,458,916,112,5164
31102,8,61,50,63,74,78,38,62,3,435,14,34,35,42,78,76,33,44,100,447,326,1207,1002,1426,2032,1839,893,1301,221,10260
31103,13,107,70,86,113,120,58,88,11,665,30,84,53,87,202,181,70,100,188,988,562,2377,1811,2440,3877,2998,1642,2532,415,18653
31104,12,71,25,50,32,52,33,50,6,336,9,58,30,45,56,64,19,64,69,411,224,1039,696,968,998,992,527,1246,148,6839
31105,17,107,89,132,154,141,62,106,12,824,37,88,92,107,241,266,72,177,208,1290,750,2450,2370,3142,4588,4066,1940,3182,415,22894
31106,24,158,133,144,347,304,182,227,21,1544,41,146,124,133,344,291,106,206,301,1690,852,3220,2919,3561,6779,5327,2826,4275,593,30353
31201,21,72,38,47,88,65,40,119,11,505,34,46,24,51,78,87,32,114,192,656,1011,1360,1181,1639,2288,2236,2347,7612,470,20144
31202,60,240,181,216,537,371,290,499,27,2428,80,166,125,131,359,270,130,277,399,1940,1640,4813,4025,5266,8889,7016,4693,8369,905,45605
31203,12,34,41,48,66,67,44,62,9,376,16,45,29,38,54,81,38,68,81,433,289,839,765,1162,1537,1611,1120,1802,169,9292
31301,10,41,23,46,43,44,22,35,3,261,16,33,27,23,40,32,13,45,60,277,188,872,628,922,802,671,363,760,119,5328
31302,25,106,92,110,203,157,110,122,11,942,24,104,73,93,134,141,53,123,208,951,817,3108,2702,3643,4503,3421,1778,2999,443,23421
31303,0,13,13,9,14,18,10,16,3,100,5,28,12,12,22,29,11,38,39,196,139,466,340,470,682,656,383,722,90,3944
31304,10,86,74,68,95,108,47,88,10,585,35,90,42,75,165,136,43,125,126,841,397,1764,1286,1684,2548,2202,1252,2194,272,13601
31305,31,116,88,104,172,157,70,124,13,874,26,117,79,74,126,139,68,115,143,886,654,2536,2201,2924,3449,2822,1478,2407,339,18806
31401,16,157,106,105,102,125,59,102,3,783,20,102,62,72,66,108,37,109,84,645,405,2996,1731,1963,1759,2095,923,2008,208,14088
31402,18,96,83,82,117,111,56,68,9,643,15,64,48,49,77,91,20,72,155,598,467,2472,1843,2294,2671,2221,1170,2009,305,15454
31403,24,97,105,108,242,223,117,172,7,1107,41,73,89,102,294,236,101,179,150,1262,571,1949,1817,2390,4735,3675,2017,2979,304,20443
31501,15,94,43,78,96,96,30,84,16,564,29,28,17,39,36,45,22,86,137,430,443,843,671,1141,1842,1753,1325,2775,354,11149
31502,18,65,40,56,90,119,53,128,8,578,18,47,26,45,56,90,36,105,182,610,764,989,707,1197,2123,2387,2452,5679,406,16689
31503,12,28,10,27,44,44,32,42,3,242,13,30,14,24,46,43,20,75,103,364,376,610,481,825,1350,1499,724,2817,233,8920
31601,20,107,80,107,146,165,76,111,6,815,19,95,57,72,123,135,66,110,147,822,507,2239,1938,2521,3190,2829,1757,2851,291,18124
31602,32,195,134,161,211,247,99,158,10,1244,31,146,108,109,178,154,74,184,221,1201,890,4043,3085,4052,4875,4202,2372,4063,470,28054
31603,32,183,158,219,240,229,117,130,10,1316,45,136,103,108,138,173,62,140,199,1103,856,4295,3391,4259,5374,4362,2316,3561,438,28864
31605,15,144,102,112,146,136,59,97,8,823,25,100,59,98,89,130,40,102,158,795,505,2690,2155,3024,2790,2544,1367,2326,308,17714
31606,14,90,73,70,65,74,36,75,8,509,20,108,90,97,69,107,33,110,111,742,403,2155,1620,1925,1625,1829,896,2132,261,12846
31607,14,86,57,85,102,102,59,96,5,600,22,78,45,78,94,99,45,134,124,725,591,1861,1757,2362,2970,2626,1578,3260,287,17280
31608,9,44,20,23,32,32,17,31,0,206,8,36,24,21,39,32,14,36,39,259,196,777,557,762,817,797,445,1001,81,5426
31701,77,360,269,287,550,492,318,435,19,2806,65,233,124,158,352,354,175,336,425,2230,2319,7365,6026,8161,12912,9988,6169,10149,1022,64098
31801,12,82,42,73,121,123,64,117,10,652,32,66,34,45,73,90,50,100,158,650,576,1812,1384,1918,2689,2609,1510,3630,408,16534
31802,82,355,259,359,692,590,314,469,30,3153,90,255,170,222,471,451,161,342,576,2743,3100,8847,6836,9453,17618,14023,8298,12175,1328,81677
31901,22,148,117,141,276,189,116,159,20,1186,53,131,88,101,207,159,77,141,284,1236,949,3568,2972,4355,5972,4403,2631,4488,616,29956
31902,16,105,45,56,107,103,38,120,5,592,28,75,51,66,74,85,41,117,200,731,604,1949,1622,2267,2695,2304,1394,3751,428,17019
31903,21,90,75,88,141,100,60,116,9,691,38,80,55,84,99,87,37,114,182,780,601,2061,1677,2385,2663,2028,1231,2738,340,15717
31904,15,106,78,116,154,107,53,84,7,719,21,80,49,70,102,77,24,76,148,648,547,2299,1811,2635,3340,2159,1128,1913,308,16138
31905,23,88,56,69,108,81,42,63,4,520,36,60,36,55,84,64,18,67,124,549,495,1588,1293,1795,2740,1865,1062,1906,269,12998
39797,0,4,0,0,0,0,0,0,0,5,4,0,0,0,0,3,0,6,0,12,24,7,3,7,12,17,15,114,11,202
39999,171,809,427,565,511,668,287,714,59,4212,353,714,471,508,635,791,285,840,974,5569,4788,12939,9269,11598,11824,17984,8844,19262,2400,98920
40101,64,282,268,325,636,384,215,254,23,2457,88,260,171,205,419,314,118,227,693,2502,4772,10675,10943,13644,30815,21161,11016,13077,1555,117645
40102,22,149,91,108,139,130,77,123,10,852,36,131,65,81,79,83,32,90,120,704,780,3631,2531,3015,2917,2609,1680,2762,351,20274
40103,16,104,80,89,138,97,41,52,5,615,16,78,53,57,60,81,29,44,99,517,604,2542,2029,2243,3074,2435,1505,2049,229,16709
40104,12,93,63,77,98,65,54,62,3,529,3,45,36,44,58,47,15,28,67,334,304,1686,1196,1564,1670,1186,721,1071,142,9549
40105,16,137,129,144,269,218,113,131,14,1163,24,96,52,80,135,113,42,85,140,773,652,3471,2617,3052,4599,3440,2120,2777,320,23053
40106,5,51,50,58,85,78,46,52,5,426,7,44,27,18,39,33,16,27,57,259,251,1340,963,1179,1487,1066,639,1010,125,8055
40107,46,188,156,209,286,176,100,131,18,1297,14,73,45,68,84,85,36,60,103,569,654,2710,2303,2765,3834,2863,1690,2291,260,19370
40201,13,73,56,51,84,71,39,44,3,434,19,36,23,30,59,28,29,44,80,342,328,1471,1136,1502,1715,1269,886,1232,174,9713
40202,18,117,58,77,134,107,56,69,5,648,27,88,60,87,153,110,47,72,205,848,958,3047,2752,3891,5527,3730,1882,2452,451,24698
40203,27,114,114,131,289,235,105,126,12,1154,18,91,60,73,197,146,52,80,165,887,759,2608,2204,2944,5999,3491,2282,2837,357,23484
40204,42,173,128,143,379,284,170,222,11,1550,52,165,106,157,422,279,131,174,374,1861,1533,4786,3982,5303,11383,7949,5083,5627,791,46444
40205,33,179,139,154,177,158,108,131,8,1087,21,91,40,71,83,73,41,71,135,624,695,4199,2771,3234,3824,2602,1650,2208,331,21518
40301,25,99,72,101,141,100,60,87,4,694,14,55,45,40,51,60,17,32,76,383,416,2349,1640,2028,2011,1468,876,1232,175,12191
40302,27,164,102,114,176,141,83,99,9,920,31,90,58,61,132,115,46,75,141,754,828,3559,2586,3142,4471,3011,1778,2116,327,21818
40303,30,169,99,119,204,154,104,113,10,994,21,91,62,91,117,97,38,64,141,718,1174,3896,3471,4384,5468,3740,2036,2850,337,27360
40304,32,259,178,229,321,245,125,217,13,1632,50,162,89,124,197,159,78,160,247,1259,1402,6387,4667,5745,6954,4914,3073,4165,594,37893
40401,48,238,179,231,463,321,175,198,14,1873,52,154,113,141,307,253,95,139,266,1521,1317,5288,4081,5450,8791,6138,3326,4429,596,39422
40402,48,134,161,223,529,369,233,219,18,1931,58,138,115,127,430,257,122,184,294,1715,1186,3273,2640,3769,9625,7333,5271,5727,663,39493
40403,67,166,185,235,594,418,277,236,21,2195,43,124,98,125,290,227,109,142,280,1440,1448,4262,3992,5240,10523,7502,4724,5158,637,43485
40501,13,61,30,65,77,77,51,59,3,437,26,51,34,43,74,85,32,53,87,476,515,1847,1451,1746,2122,2479,1429,2125,214,13934
40502,8,38,36,23,44,46,23,43,0,259,16,25,16,31,34,31,19,46,85,307,365,1103,931,1209,1326,1286,749,1708,193,8869
40503,14,38,33,33,65,63,43,45,4,337,8,38,11,22,38,29,19,25,86,277,391,1329,1112,1253,1443,1400,1096,1829,204,10046
40504,14,60,28,52,60,77,29,43,8,355,21,34,20,15,24,29,11,31,81,268,381,1286,925,1150,1118,1120,647,1292,186,8097
40601,24,129,82,112,168,147,71,110,8,851,29,66,43,52,89,91,62,87,208,729,979,2810,2352,2902,3923,3117,2197,3830,483,22591
40602,9,38,27,58,72,78,45,89,8,435,23,39,19,18,33,50,21,70,119,402,750,1076,987,1249,2092,1573,1317,4589,301,13932
40701,18,104,48,72,89,89,44,84,0,558,19,80,47,53,34,52,17,44,109,455,612,2499,1962,2367,2065,1715,980,1922,253,14390
40702,36,148,92,108,204,173,121,144,16,1047,44,117,67,68,149,117,51,97,188,897,1229,3325,2536,3318,4819,3949,2567,4513,478,26740
40703,21,140,85,102,195,191,85,136,10,961,52,105,69,85,155,138,38,108,205,952,1042,3233,2748,3696,5037,4569,2395,4441,534,27695
49797,0,0,0,0,0,0,0,0,0,0,0,0,0,0,0,0,0,0,0,0,14,6,3,3,8,4,5,19,0,64
49999,73,316,149,205,177,214,77,137,18,1372,137,243,123,152,174,183,64,183,265,1522,1811,5455,3686,4687,4523,5944,2625,4868,699,34306
50101,33,121,93,91,103,137,62,76,12,722,30,102,78,72,91,112,55,101,140,781,835,3121,2463,2877,2865,2877,1533,2511,360,19438
50102,45,236,155,205,281,306,207,272,29,1727,87,181,95,111,212,270,127,321,331,1737,1952,4892,3966,4734,7005,6522,5228,7824,821,42934
50103,19,36,21,37,43,48,31,50,3,272,25,51,22,33,38,52,17,54,86,388,450,1193,982,1080,1045,1312,694,1635,176,8572
50201,32,169,122,149,202,179,100,130,14,1097,28,159,115,76,111,180,60,130,199,1051,990,4309,3404,3729,4804,3630,1931,3075,472,26336
50301,35,204,152,188,280,213,96,118,17,1308,38,218,135,99,144,201,71,159,242,1317,1458,6408,5068,4880,7036,6769,3039,4720,596,39969
50302,141,511,551,638,1267,985,506,629,54,5280,241,580,517,495,930,1439,479,913,1241,6843,7304,14863,17312,17051,37936,43753,19862,28293,2602,188978
50401,45,229,180,149,319,301,148,206,23,1578,47,174,125,95,275,305,123,182,203,1535,697,3765,2929,2971,4729,4485,2255,3140,478,25442
50402,19,85,54,41,72,73,47,57,4,445,12,60,44,29,72,90,37,69,83,498,323,1540,1118,1105,1354,1612,840,1188,172,9244
50403,93,314,218,255,533,710,292,560,11,2986,86,285,210,237,538,595,220,440,406,3018,1736,6400,5215,5563,10758,10512,5342,8282,888,54697
50501,55,411,297,345,401,276,153,158,19,2121,61,262,140,118,173,238,69,148,345,1552,1568,9501,6714,6723,7497,6322,2880,4106,751,46063
50502,69,421,321,320,586,595,307,345,26,2994,94,363,288,272,543,648,260,394,501,3359,2139,9278,7725,7899,13786,13458,6416,8709,1114,70529
50503,47,345,226,245,347,438,195,373,22,2242,88,258,181,193,467,532,198,358,364,2636,1349,6373,4707,5187,7782,7838,3756,6331,770,44095
50601,14,143,69,96,119,116,70,84,5,718,32,97,55,47,101,120,38,80,149,716,629,2920,2169,2449,2922,2773,1394,1979,342,17569
50602,53,198,205,243,525,504,239,359,22,2359,68,263,209,208,512,593,208,392,517,2976,2394,5235,5458,6602,12600,12558,7023,11105,1146,64116
50603,68,313,278,287,665,652,322,431,23,3034,91,326,248,254,803,866,377,502,495,3960,1951,6939,5474,5803,13742,13386,6940,8758,1067,64061
50604,32,190,128,128,290,238,125,263,19,1412,54,147,94,108,258,237,96,165,211,1375,791,3568,2841,2913,4521,4133,2016,3107,452,24345
50605,19,128,67,66,116,121,65,97,12,695,25,89,56,62,104,126,45,86,106,704,402,2210,1517,1651,2317,2428,1461,2206,253,14453
50606,3,31,22,25,15,15,15,14,0,136,7,25,27,22,32,50,20,45,23,249,180,675,475,559,624,773,445,780,70,4577
50607,10,103,52,54,84,53,40,42,7,444,20,90,57,47,64,94,10,58,90,523,432,2138,1726,1640,2301,2132,1045,1556,201,13175
50701,41,211,145,180,277,341,160,258,16,1632,83,228,158,199,511,611,273,478,329,2869,1378,4585,3621,4088,7663,8772,4710,7763,732,43309
50702,29,118,103,112,202,177,90,119,14,959,56,169,106,101,224,255,96,207,206,1414,1030,3637,3175,3095,4971,4916,2515,3591,447,27379
50703,16,45,45,30,65,42,29,65,0,343,27,55,35,32,121,138,58,122,97,679,508,1037,920,1037,2504,2528,1813,2467,198,13009
50704,34,263,208,242,408,306,137,147,14,1759,62,213,146,131,194,257,89,143,287,1516,1443,6738,5266,5275,7291,6421,2856,4300,605,40189
50705,47,228,176,152,236,217,115,138,10,1317,49,154,101,110,161,209,71,133,216,1198,1141,4995,3683,3856,5002,4605,2686,3618,499,30091
50901,31,143,100,103,178,177,83,126,14,962,45,143,75,96,95,141,49,122,194,963,1111,3289,2475,3115,3679,3678,2226,4043,438,24054
50902,23,86,59,71,97,126,65,118,12,654,50,105,64,66,78,148,79,171,186,946,924,2373,2025,2202,2495,3423,2197,5655,459,21752
50903,13,35,29,13,30,80,44,86,3,325,31,39,19,30,28,56,19,55,108,370,590,958,830,877,928,1495,1066,3415,235,10396
51001,11,57,41,64,108,119,42,124,16,583,27,35,15,30,54,58,26,101,81,420,606,728,673,1024,1855,1724,1087,3148,243,11077
51002,29,50,46,46,82,66,53,210,8,593,38,42,29,30,63,65,36,178,166,648,1400,883,748,866,1541,1502,1769,9974,451,19133
51003,40,63,37,71,93,117,88,277,14,791,137,112,62,74,115,175,101,802,341,1911,2835,1805,1442,1745,2561,3102,3113,19938,803,37344
51101,15,28,20,27,54,47,38,51,6,284,14,28,21,19,31,37,13,52,57,271,326,618,453,576,724,794,583,1640,134,5846
51102,8,11,10,9,12,28,15,27,4,127,12,16,4,12,21,15,10,20,33,141,198,304,247,352,509,575,490,1003,75,3755
51103,28,61,55,55,104,120,91,281,9,805,39,68,36,54,88,110,51,178,163,784,1169,1410,1094,1465,2303,2576,2401,8026,429,20861
51104,27,97,73,82,135,183,79,183,10,855,39,93,62,72,106,163,72,201,197,1003,1269,2207,1760,2334,3300,3391,2195,6543,483,23480
59797,3,0,0,0,0,0,0,4,0,9,19,3,4,0,3,12,9,180,15,231,169,39,16,21,31,37,35,1225,31,1595
59999,92,553,293,322,248,323,159,358,24,2369,265,423,262,274,305,486,154,492,512,3179,3494,7379,5206,6234,5877,9732,4125,11072,1251,54378
60101,3,12,6,16,31,25,9,18,0,134,4,6,6,10,8,22,3,8,16,84,126,366,270,326,530,501,267,394,46,2825
60102,20,96,81,106,93,90,53,47,7,587,16,52,46,44,74,62,29,34,88,446,586,2100,1683,2030,3072,2400,1191,1519,216,14795
60103,16,91,90,91,180,160,73,100,10,828,33,62,53,79,166,143,50,100,189,877,733,2354,2071,2559,4415,3612,2139,2313,409,20606
60104,10,73,33,47,43,55,32,50,4,344,12,48,24,29,35,39,14,24,50,279,296,1489,988,1119,1272,1157,637,892,122,7970
60105,49,245,203,258,465,298,163,209,20,1897,66,148,99,118,185,139,42,104,296,1197,2200,6196,5692,7110,11978,7744,4268,5503,654,51349
60106,8,14,13,5,9,22,13,3,3,94,6,11,12,19,7,10,7,13,21,106,141,610,432,443,443,448,189,353,48,3108
60201,43,209,170,176,319,263,143,173,14,1513,52,137,78,96,211,155,56,98,284,1164,1494,4842,4282,5151,7926,5649,2971,3964,594,36869
60202,7,17,14,18,17,23,7,19,3,137,9,24,23,22,22,35,8,21,41,205,255,759,635,649,695,748,433,881,109,5172
60203,7,60,39,47,56,58,29,33,4,328,25,51,34,42,66,63,39,54,90,477,488,1446,1205,1514,2028,1811,1219,1869,235,11808
60301,0,9,5,5,0,3,3,7,0,29,9,10,3,9,15,12,0,9,26,104,91,265,236,256,280,359,167,483,69,2207
60302,5,23,20,18,26,34,8,19,0,150,11,23,27,19,22,21,6,17,55,207,186,775,616,693,692,802,352,663,116,4887
60303,0,12,0,3,11,3,3,13,0,39,11,18,4,11,5,9,0,11,26,92,126,389,243,320,300,262,154,309,57,2166
60401,18,99,84,91,181,160,74,96,9,811,36,93,39,64,111,114,47,63,141,697,763,2499,2138,2436,3548,2828,1611,2283,333,18442
60402,28,96,73,89,176,105,52,81,10,709,26,81,47,57,87,85,38,60,138,609,843,2284,1901,2273,3127,2450,1472,2106,312,16767
60403,5,37,23,21,27,28,21,33,6,200,19,35,22,18,30,27,22,28,55,257,372,772,667,721,1007,960,864,1683,162,7203
69797,0,0,0,0,0,0,0,0,0,0,0,3,0,0,0,0,0,0,0,3,5,6,3,0,3,3,3,28,0,55
69999,11,61,37,35,35,41,19,36,4,285,39,62,46,46,62,77,29,60,112,521,518,1454,963,1119,1132,1649,727,1317,250,9132
70101,22,59,61,86,256,258,123,175,17,1057,37,71,60,68,193,214,83,174,250,1146,1079,1376,1530,2069,6657,5809,3083,5243,563,27413
70102,14,70,59,76,151,131,76,123,9,718,41,64,42,53,160,157,56,159,233,966,957,1847,1753,2099,5085,4177,2148,4086,517,22672
70103,4,19,10,17,38,37,23,63,12,227,43,41,16,37,74,82,35,286,133,754,845,601,542,653,1662,2002,1401,6858,334,14906
70104,13,28,27,35,77,81,37,63,3,356,13,25,11,28,54,64,30,76,65,366,291,713,575,761,1636,1278,706,1280,155,7396
70201,23,60,53,63,217,140,69,105,21,747,28,25,27,39,120,101,44,96,149,634,721,939,903,1395,3959,3211,1646,3152,359,16277
70202,5,7,11,15,28,18,0,15,4,104,0,7,6,6,22,21,3,20,33,123,84,97,88,159,460,302,114,533,63,1913
70203,8,58,32,31,84,69,10,29,21,331,24,21,8,18,24,27,12,32,139,310,206,355,264,335,849,793,288,1116,226,4432
70204,5,23,33,41,64,57,11,32,4,274,14,4,11,8,24,17,5,20,114,208,290,243,305,405,713,733,407,1203,169,4453
70205,19,35,23,24,61,72,21,61,23,333,16,24,14,15,32,29,12,47,122,307,286,453,330,462,1339,1109,614,1683,252,6525
79797,0,0,0,0,0,0,0,4,0,4,0,0,0,0,0,0,3,10,3,18,9,0,3,3,4,4,7,60,3,91
79999,11,18,6,11,11,9,8,28,5,111,22,11,23,17,22,38,21,47,47,251,334,295,225,297,358,561,299,1194,109,3674
80101,17,147,110,107,180,140,101,111,5,919,29,87,46,56,83,83,37,81,171,667,1217,3416,2565,3016,6389,5245,2653,3526,443,28466
80103,7,23,18,28,45,52,25,53,4,255,14,30,20,18,56,87,39,63,74,394,478,749,711,954,2993,3161,1769,2199,181,13195
80104,12,102,60,54,162,145,79,111,8,740,13,57,35,32,69,113,36,67,79,498,501,2108,1285,1472,3015,2725,1373,2146,211,14840
80105,43,178,132,148,254,202,116,155,21,1245,48,147,86,94,251,240,88,124,391,1470,2744,4773,4544,5590,16429,13250,6908,8012,988,63241
80106,43,153,147,203,449,356,217,275,12,1861,39,130,112,92,237,272,106,202,347,1531,2353,4243,3826,4771,12036,11819,6387,7904,789,54124
80107,12,93,67,77,100,87,62,92,7,592,12,51,32,35,57,70,17,33,116,426,748,2542,1657,2046,4102,3509,1701,2028,261,18594
80108,4,37,38,26,47,25,10,24,3,213,4,17,10,11,8,14,4,17,19,105,162,750,496,532,769,607,298,515,61,4182
80109,17,77,58,74,144,97,70,116,17,671,27,54,36,42,89,77,38,41,138,539,1178,2179,2089,2789,5567,4381,2137,2673,329,23316
80110,0,0,0,0,0,0,0,0,0,3,0,0,0,0,0,5,0,0,3,9,6,25,22,25,46,62,28,55,8,280
80111,0,0,0,0,0,4,0,0,0,3,0,0,0,0,3,5,0,0,3,10,11,26,26,23,96,93,54,75,4,403
89797,0,0,0,0,0,0,0,0,0,0,0,0,0,0,0,0,0,0,0,0,0,0,0,0,0,0,0,0,0,0
89999,11,50,21,30,27,38,14,26,4,226,18,43,19,22,47,47,21,23,59,302,317,1019,574,659,860,1521,641,1078,157,6817
90101,3,3,4,3,0,3,0,3,0,29,0,3,4,0,12,9,3,5,9,46,82,67,54,61,250,162,132,167,16,986
90102,0,0,0,0,0,0,0,0,0,6,5,6,0,0,9,0,0,6,11,33,17,31,14,29,46,27,13,48,14,237
90103,0,0,0,0,3,0,0,0,0,7,4,0,3,0,3,6,0,0,7,23,31,24,31,28,89,54,83,131,11,478
90104,3,0,6,7,7,6,3,4,0,34,0,4,3,6,3,10,0,5,9,41,43,104,89,123,216,162,96,128,29,988
99797,0,0,0,0,0,0,0,0,0,0,0,0,0,0,0,0,0,0,0,0,0,0,0,0,0,0,0,0,0,0
99999,3,0,0,0,0,0,0,0,0,3,6,0,0,0,0,3,0,3,0,16,31,8,6,7,4,22,4,31,6,118